{"cameraMode":{"drawMode":0,"name":"Shaded","section":"Shading Mode"},"sceneLighting":true,"audioPlay":false,"sceneViewState":{"m_AlwaysRefresh":false,"showFog":true,"showSkybox":true,"showFlares":true,"showImageEffects":true,"showParticleSystems":true,"showVisualEffectGraphs":true,"m_FxEnabled":true},"in2DMode":false,"pivot":{"x":-1.1699999570846558,"y":0.11999999731779099,"z":3.5820000171661379},"rotation":{"x":-0.24423035979270936,"y":0.3874375820159912,"z":-0.10723771154880524,"w":-0.8824841380119324},"size":0.32670077681541445,"orthographic":false}