{"cameraMode":{"drawMode":0,"name":"Shaded","section":"Shading Mode"},"sceneLighting":true,"audioPlay":false,"sceneViewState":{"m_AlwaysRefresh":false,"showFog":true,"showSkybox":true,"showFlares":true,"showImageEffects":true,"showParticleSystems":true,"showVisualEffectGraphs":true,"m_FxEnabled":true},"in2DMode":false,"pivot":{"x":0.1000000536441803,"y":0.5200000405311585,"z":-0.020000457763671876},"rotation":{"x":0.15595494210720063,"y":-0.05331174656748772,"z":0.008429477922618389,"w":0.9862911701202393},"size":0.9859123229980469,"orthographic":false}