{"cameraMode":{"drawMode":0,"name":"Shaded","section":"Shading Mode"},"sceneLighting":true,"audioPlay":false,"sceneViewState":{"m_AlwaysRefresh":false,"showFog":true,"showSkybox":true,"showFlares":true,"showImageEffects":true,"showParticleSystems":true,"showVisualEffectGraphs":true,"m_FxEnabled":true},"in2DMode":false,"pivot":{"x":-2.0111498832702638,"y":-4.905031204223633,"z":6.654941558837891},"rotation":{"x":0.15595494210720063,"y":-0.05331174656748772,"z":0.008429477922618389,"w":0.9862911701202393},"size":8.732264518737793,"orthographic":false}